record_a,record_b,name_a,name_b,source_a,source_b,state_a,state_b,score,name_score,reasons,decision
REG-0023,WEB-0008,Grelley Home Inspections Corporation,Grelley Home,business_registry,web_listing,ND,ND,84.3,84.3,name 84,
REG-0031,REG-0041,"PELLFIELD HOLDINGS, LLC D.B.A. RUSKWYN FIRE ALARM","RUSKWYN FIRE ALARM, INC",business_registry,business_registry,IN,OH,85.0,100.0,name 100; different state,
ASN-0015,REG-0031,Ruskwyn Fire Alarm,"PELLFIELD HOLDINGS, LLC D.B.A. RUSKWYN FIRE ALARM",trade_association,business_registry,OH,IN,85.0,100.0,name 100; different state,
REG-0031,WEB-0026,"PELLFIELD HOLDINGS, LLC D.B.A. RUSKWYN FIRE ALARM",Ruskwyn Fire Alarm,business_registry,web_listing,IN,OH,85.0,100.0,name 100; different state,
LIC-0012,REG-0041,RUSKWYN FIRE ALARM,"RUSKWYN FIRE ALARM, INC",state_license,business_registry,IN,OH,85.0,100.0,name 100; different state,
ASN-0002,REG-0041,Ruskwyn Fire Alarm,"RUSKWYN FIRE ALARM, INC",trade_association,business_registry,IN,OH,85.0,100.0,name 100; different state,
REG-0041,WEB-0038,"RUSKWYN FIRE ALARM, INC",Ruskwyn Fire Alarm,business_registry,web_listing,OH,IN,85.0,100.0,name 100; different state,
ASN-0015,LIC-0012,Ruskwyn Fire Alarm,RUSKWYN FIRE ALARM,trade_association,state_license,OH,IN,85.0,100.0,name 100; different state,
LIC-0012,WEB-0026,RUSKWYN FIRE ALARM,Ruskwyn Fire Alarm,state_license,web_listing,IN,OH,85.0,100.0,name 100; different state,
ASN-0002,ASN-0015,Ruskwyn Fire Alarm,Ruskwyn Fire Alarm,trade_association,trade_association,IN,OH,85.0,100.0,name 100; different state,
ASN-0002,WEB-0026,Ruskwyn Fire Alarm,Ruskwyn Fire Alarm,trade_association,web_listing,IN,OH,85.0,100.0,name 100; different state,
ASN-0015,WEB-0038,Ruskwyn Fire Alarm,Ruskwyn Fire Alarm,trade_association,web_listing,OH,IN,85.0,100.0,name 100; different state,
WEB-0026,WEB-0038,Ruskwyn Fire Alarm,Ruskwyn Fire Alarm,web_listing,web_listing,OH,IN,85.0,100.0,name 100; different state,
REG-0032,REG-0042,Maldmere Fire Sprinkler Systems Corp.,Maldmere Fire Sprinkler Systems Company,business_registry,business_registry,SD,NE,85.0,100.0,name 100; different state,
LIC-0009,REG-0042,Maldmere Fire Sprinkler Systems Corp.,Maldmere Fire Sprinkler Systems Company,state_license,business_registry,SD,NE,85.0,100.0,name 100; different state,
ASN-0018,REG-0042,"Maldmere Fire Sprinkler Systems, Company",Maldmere Fire Sprinkler Systems Company,trade_association,business_registry,SD,NE,85.0,100.0,name 100; different state,
REG-0042,WEB-0041,Maldmere Fire Sprinkler Systems Company,"Maldmere Fire Sprinkler Systems, Company",business_registry,web_listing,NE,SD,85.0,100.0,name 100; different state,
