data,rank,tier,company_id,name,legal_name,city,state,fit_tier,segment,service_mix,employees_range,ebitda_median,ebitda_95_low,ebitda_95_high,p_ebitda_ge_min,p_ebitda_in_band,size_confidence,obviousness,non_obvious,n_sources,sources,website,composite,exclusions,flags,ledger_claims
synthetic,1,Priority,C0018,Maldmere Fire Sprinkler Systems,Maldmere Fire Sprinkler Systems Corp.,Glenhaven,SD,A,sprinkler,recurring_heavy,75-146,3010000,1472000,6153000,0.999,0.917,high,0.0,yes,4,business_registry; state_license; trade_association; web_listing,,96.25,,,C0018.01..C0018.23
synthetic,2,Priority,C0006,Lombfield Fire Inspection Services,Lombfield Fire Inspection Services L.L.C.,Milldale,IL,A,inspection,recurring_heavy,50-99,1539000,748000,3168000,0.879,0.878,medium,0.0,yes,3,business_registry; state_license; trade_association,,92.77,,,C0006.01..C0006.22
synthetic,3,Priority,C0008,Lomblund Fire and Alarm,Lomblund Fire & Alarm Company,Pineford,IL,A,alarm,recurring_heavy,48-71,1550000,865000,2779000,0.929,0.929,medium,0.4,no,4,business_registry; state_license; trade_association; web_listing,lomblundalarm.example,87.07,,,C0008.01..C0008.23
synthetic,4,Priority,C0034,Veltthwaite Fire Detection,"Veltthwaite Fire Detection, Corp.",Ironhaven,OH,A,alarm,recurring_heavy,37-55,1208000,681000,2145000,0.741,0.741,medium,0.1,yes,3,business_registry; state_license; web_listing,veltthwaitealarm.example,84.59,,,C0034.01..C0034.23
synthetic,5,Priority,C0007,Ruskfield Fire Extinguisher,"Ruskfield Fire Extinguisher Co, Inc.",Ironford,IN,A,suppression,mixed,50-99,1271000,600000,2693000,0.734,0.734,medium,0.1,yes,4,business_registry; state_license; trade_association; web_listing,ruskfieldfireequip.example,84.29,,,C0007.01..C0007.23
synthetic,6,Priority,C0038,Dovrvane Fire Alarm,,Cedarville,SD,A,alarm,mixed,52-76,1314000,726000,2379000,0.816,0.816,medium,0.4,no,2,state_license; web_listing,dovrvanealarm.example,80.33,,,C0038.01..C0038.21
synthetic,7,Priority,C0025,Tambholt Sprinkler,Tambholt Sprinkler Co Inc,Bramville,IN,A,sprinkler,unknown,50-99,1477000,525000,4158000,0.77,0.76,medium,0.3,no,2,business_registry; state_license,,79.77,,,C0025.01..C0025.21
synthetic,8,Priority,C0013,Maldshaw Life Safety Systems,"Wexlby Holdings, LLC",Elmport,SD,A,alarm,install_heavy,50-99,1065000,490000,2317000,0.564,0.563,medium,0.1,yes,4,business_registry; state_license; trade_association; web_listing,maldshawalarm.example,76.61,,,C0013.01..C0013.23
synthetic,9,Priority,C0035,Wexllund Fire Sprinkler Systems,"Wexllund Fire Sprinkler Systems, Corporation",Ashton,KS,A,sprinkler,mixed,45-78,1337000,681000,2624000,0.801,0.801,high,0.75,no,3,business_registry; state_license; web_listing,wexllundfire.example,76.03,,,C0035.01..C0035.24
synthetic,10,Priority,C0005,Kivelrigg Fire Equipment,Kivelrigg Fire Equip. Inc,Millfield,MI,A,suppression,recurring_heavy,32-104,1339000,507000,3536000,0.722,0.718,low,0.45,no,3,state_license; trade_association; web_listing,kivelriggfireequip.example,75.07,,,C0005.01..C0005.21
synthetic,11,Priority,C0037,Bexllund Fire Sprinkler,"Bexllund Fire Sprinkler, L.L.C.",Larkton,IA,A,sprinkler,install_heavy,176-300,3740000,1851000,7560000,1.0,0.79,medium,0.7,no,3,business_registry; state_license; web_listing,bexllundfire.example,74.82,,,C0037.01..C0037.23
synthetic,12,Priority,C0011,Jaststead Fire Extinguisher,"Jaststead Fire Extinguisher Co, L.L.C.",Ironbrook,WI,A,suppression,recurring_heavy,30-58,963000,470000,1973000,0.459,0.459,medium,0.0,yes,3,business_registry; trade_association; web_listing,,73.92,,,C0011.01..C0011.21
synthetic,13,Watchlist,C0032,Braxhurst Extinguisher Service,"Braxhurst Extinguisher Service, Company",Coldford,MN,A,suppression,mixed,50-99,1271000,600000,2693000,0.734,0.734,medium,0.65,no,3,business_registry; state_license; web_listing,,73.29,,,C0032.01..C0032.22
synthetic,14,Watchlist,C0041,Heskrigg Fire Protection,,Oakbrook,NE,A,sprinkler,recurring_heavy,32-48,1121000,630000,1995000,0.651,0.651,medium,0.45,no,2,state_license; web_listing,heskriggfire.example,71.88,,,C0041.01..C0041.21
synthetic,15,Watchlist,C0059,Maldmere Fire Sprinkler Systems,Maldmere Fire Sprinkler Systems Company,Wilton,NE,B,sprinkler,unknown,100-249,3314000,1050000,10458000,0.979,0.738,low,0.3,no,1,business_registry,,69.38,,,C0059.01..C0059.19
synthetic,16,Watchlist,C0004,Sovrlund Fire and Life Safety,"Quencombe Enterprises, Inc.",Larkport,WI,A,inspection,recurring_heavy,27-53,834000,411000,1691000,0.307,0.307,high,0.1,yes,4,business_registry; state_license; trade_association; web_listing,sovrlundfiresafety.example,66.82,,,C0004.01..C0004.24
synthetic,17,Watchlist,C0039,Ulvvane Fire Detection,"Ulvvane Fire Detection, Company",Wilford,ND,A,alarm,recurring_heavy,30-44,961000,541000,1706000,0.446,0.446,medium,0.35,no,3,business_registry; state_license; web_listing,,66.33,,,C0039.01..C0039.22
synthetic,18,Watchlist,C0044,Fylfield Fire Sprinkler,,Ironbrook,MN,A,sprinkler,mixed,29-50,851000,431000,1680000,0.321,0.321,medium,0.0,yes,2,state_license; web_listing,,66.03,,,C0044.01..C0044.20
synthetic,19,Watchlist,C0028,Haldwick Life Safety Inspections,"Prynvane Holdings, LLC",Cedarwood,IN,A,inspection,unknown,42-136,1220000,342000,4352000,0.62,0.606,low,0.65,no,2,business_registry; state_license,,64.34,,,C0028.01..C0028.20
synthetic,20,Watchlist,C0030,Greldell Fire Sprinkler Systems,"Greldell Fire Sprinkler Systems, LLC",Elmfield,MO,A,sprinkler,unknown,20-49,657000,210000,2058000,0.236,0.235,medium,0.0,yes,2,business_registry; state_license,,62.18,,,C0030.01..C0030.21
synthetic,21,Watchlist,C0010,Lombcrest Fire & Life Safety,Istrrigg Group LLC,Glenhaven,MI,A,inspection,recurring_heavy,20-49,685000,299000,1568000,0.185,0.185,medium,0.0,yes,4,business_registry; state_license; trade_association; web_listing,,61.58,,,C0010.01..C0010.22
synthetic,22,Watchlist,C0017,Wexlgard Fire Inspection Services,"Wexlgard Fire Inspection Services, Inc.",Elmdale,OH,A,inspection,recurring_heavy,20-49,685000,299000,1568000,0.185,0.185,low,0.1,yes,3,business_registry; trade_association; web_listing,wexlgardfiresafety.example,58.08,,,C0017.01..C0017.21
synthetic,23,Watchlist,C0060,Jastrigg Plumbing,Jastrigg Plumbing Corp.,Stonehaven,OH,C,unknown,unknown,50-99,1294000,403000,4158000,0.667,0.656,low,0.35,no,1,business_registry,,55.92,,,C0060.01..C0060.19
synthetic,24,Watchlist,C0002,Ruskwyn Fire Alarm,"Pellfield Holdings, LLC",Larkton,IN,A,alarm,install_heavy,20-64,542000,196000,1498000,0.119,0.119,low,0.1,yes,4,business_registry; state_license; trade_association; web_listing,ruskwynalarmin.example,55.09,,,C0002.01..C0002.22
synthetic,25,Watchlist,C0014,Haldridge Fire Detection,Haldridge Fire Detection Corporation,Cedarbrook,NE,A,alarm,mixed,21-49,674000,298000,1529000,0.173,0.173,medium,0.3,no,4,business_registry; state_license; trade_association; web_listing,,55.02,,,C0014.01..C0014.22
synthetic,26,Watchlist,C0012,Ulvwick Fire Sprinkler,"Ulvwick Fire Sprinkler, Company",Bramdale,MO,A,sprinkler,recurring_heavy,16-52,832000,317000,2184000,0.354,0.354,low,0.65,no,3,state_license; trade_association; web_listing,,54.69,,,C0012.01..C0012.20
synthetic,27,Watchlist,C0042,Torvbourne Sprinkler,Torvbourne Sprinkler Co Inc,Elmton,KS,A,sprinkler,mixed,22-32,602000,332000,1092000,0.047,0.047,medium,0.1,yes,3,business_registry; state_license; web_listing,torvbournefire.example,53.38,,,C0042.01..C0042.23
synthetic,28,Watchlist,C0024,Creskgard Sprinkler,Creskgard Sprinkler Co,Bramview,WI,A,sprinkler,unknown,20-64,751000,210000,2688000,0.33,0.328,low,0.55,no,1,state_license,,52.19,,,C0024.01..C0024.19
synthetic,29,Watchlist,C0020,Ulvholt Electrical Contractors,Ulvholt Electrical Contractors Company,Foxfield,NE,A,alarm,unknown,10-19,269000,98000,741000,0.006,0.006,medium,0.0,yes,2,business_registry; state_license,,51.83,,,C0020.01..C0020.21
synthetic,30,Watchlist,C0045,Creskley Fire Detection,"Creskley Fire Detection, Corp.",Wilton,MN,B,alarm,unknown,20-49,612000,196000,1911000,0.199,0.199,low,0.0,yes,1,business_registry,,51.12,,,C0045.01..C0045.19
synthetic,31,Watchlist,C0046,Yorvthwaite Fire & Alarm,Yorvthwaite Fire & Alarm Company,Bramdale,MO,A,alarm,recurring_heavy,20-49,834000,364000,1911000,0.334,0.334,low,0.7,no,2,business_registry; web_listing,yorvthwaitealarm.example,51.11,,,C0046.01..C0046.21
synthetic,32,Watchlist,C0021,Fylley Sprinkler,"Fylley Sprinkler Co, Inc.",Hollowford,MI,A,sprinkler,unknown,14-44,517000,144000,1848000,0.155,0.155,low,0.3,no,2,business_registry; state_license,,51.04,,,C0021.01..C0021.20
synthetic,33,Watchlist,C0009,Lombridge Fire Safety Services,"Lombridge Fire Safety Services, Company",Brambrook,IL,A,inspection,recurring_heavy,,,,,,,unsized,0.0,yes,3,business_registry; trade_association; web_listing,,50.0,,,C0009.01..C0009.16
synthetic,34,Watchlist,C0064,Pellwick Sprinkler,"Pellwick Sprinkler Co, LLC",Larkford,SD,A,sprinkler,recurring_heavy,10-19,394000,195000,798000,0.005,0.005,low,0.1,yes,2,business_registry; web_listing,pellwickfire.example,48.3,,,C0064.01..C0064.21
synthetic,35,Watchlist,C0016,Ruskmoor Fire Protection,"Ruskmoor Fire Protection, Inc.",Cedarbrook,ND,A,sprinkler,recurring_heavy,10-19,394000,195000,798000,0.005,0.005,medium,0.3,no,3,business_registry; state_license; trade_association,,47.47,,,C0016.01..C0016.22
synthetic,36,Watchlist,C0015,Ruskwyn Fire Alarm,"Ruskwyn Fire Alarm, Inc",Elmbrook,OH,A,alarm,install_heavy,20-49,474000,196000,1147000,0.049,0.049,low,0.4,no,3,business_registry; trade_association; web_listing,ruskwynalarm.example,45.95,,,C0015.01..C0015.21
synthetic,37,Watchlist,C0019,Ulvstow Fire Sprinkler Systems,Ulvstow Fire Sprinkler Systems Inc.,Larkbrook,IA,A,sprinkler,recurring_heavy,14-21,482000,268000,866000,0.007,0.007,medium,0.65,no,3,business_registry; state_license; trade_association,,40.58,,,C0019.01..C0019.22
synthetic,38,Watchlist,C0053,Zennstead Life Safety Systems,Zennstead Life Safety Systems Inc,Wilton,MN,A,alarm,install_heavy,20-49,474000,196000,1147000,0.049,0.049,low,0.9,no,2,business_registry; web_listing,,34.28,,,C0053.01..C0053.20
synthetic,39,Watchlist,C0056,Dovrstow Fire Alarm,Dovrstow Fire Alarm Company,Larkhaven,IA,A,alarm,recurring_heavy,,,,,,,unsized,0.75,no,2,business_registry; web_listing,dovrstowalarm.example,33.33,,,C0056.01..C0056.17
synthetic,40,Watchlist,C0051,Maldstow HVAC Services,Maldstow HVAC Services Co.,Wilville,MI,C,unknown,unknown,,,,,,,unsized,0.0,yes,1,business_registry,,31.67,,,C0051.01..C0051.15
synthetic,41,Watchlist,C0052,Creskholt Electric,"Creskholt Electric, Inc.",Glenwood,IL,C,unknown,unknown,,,,,,,unsized,0.0,yes,1,business_registry,,31.67,,,C0052.01..C0052.15
synthetic,42,Watchlist,C0055,Grelley Home Inspections,Grelley Home Inspections Corporation,Hollowville,ND,C,inspection,unknown,,,,,,,unsized,0.0,yes,1,business_registry,,31.67,,,C0055.01..C0055.15
